{"assignments":[[[-10.0,-10.0],2],[[-10.0,-9.0],2],[[-10.0,-8.0],2],[[-10.0,-7.0],2],[[-10.0,-5.0],2],[[-9.0,-10.0],2],[[-9.0,-9.0],2],[[-9.0,-8.0],2],[[-9.0,-7.0],2],[[-9.0,-5.0],2],[[-8.0,-10.0],2],[[-8.0,-9.0],2],[[-8.0,-8.0],2],[[-8.0,-7.0],2],[[-8.0,-6.0],2],[[-8.0,-5.0],2],[[-7.0,-10.0],2],[[-7.0,-9.0],2],[[-7.0,-8.0],2],[[-7.0,-7.0],2],[[-7.0,-6.0],2],[[-7.0,-5.0],2],[[-6.0,-10.0],2],[[-6.0,-9.0],2],[[-6.0,-8.0],2],[[-6.0,-7.0],2],[[-6.0,-6.0],2],[[-6.0,-5.0],2],[[-5.0,-10.0],2],[[-5.0,-9.0],2],[[-5.0,-8.0],2],[[-5.0,-7.0],2],[[-5.0,-6.0],2],[[-5.0,-5.0],2],[[0.0,0.0],1],[[0.0,1.0],1],[[0.0,2.0],1],[[0.0,3.0],1],[[0.0,4.0],1],[[0.0,5.0],1],[[1.0,0.0],1],[[1.0,1.0],1],[[1.0,2.0],1],[[1.0,3.0],1],[[1.0,4.0],1],[[1.0,5.0],1],[[2.0,0.0],1],[[2.0,1.0],1],[[2.0,3.0],1],[[2.0,4.0],1],[[2.0,5.0],1],[[3.0,0.0],1],[[3.0,1.0],1],[[3.0,2.0],1],[[3.0,4.0],1],[[4.0,0.0],1],[[4.0,1.0],1],[[4.0,3.0],1],[[4.0,4.0],1],[[4.0,5.0],1],[[5.0,0.0],1],[[5.0,1.0],1],[[5.0,2.0],1],[[5.0,3.0],1],[[5.0,4.0],1],[[90.0,90.0],0],[[90.0,91.0],0],[[90.0,93.0],0],[[90.0,95.0],0],[[90.0,98.0],0],[[90.0,99.0],0],[[90.0,100.0],0],[[91.0,90.0],0],[[91.0,93.0],0],[[91.0,95.0],0],[[91.0,98.0],0],[[91.0,99.0],0],[[91.0,100.0],0],[[92.0,90.0],0],[[92.0,92.0],0],[[92.0,93.0],0],[[92.0,95.0],0],[[92.0,99.0],0],[[92.0,100.0],0],[[93.0,91.0],0],[[93.0,94.0],0],[[93.0,96.0],0],[[93.0,97.0],0],[[93.0,98.0],0],[[93.0,99.0],0],[[93.0,100.0],0],[[94.0,92.0],0],[[94.0,93.0],0],[[94.0,95.0],0],[[94.0,96.0],0],[[94.0,97.0],0],[[94.0,100.0],0],[[95.0,90.0],0],[[95.0,94.0],0],[[95.0,96.0],0],[[95.0,97.0],0],[[95.0,99.0],0],[[95.0,100.0],0],[[96.0,92.0],0],[[96.0,93.0],0],[[96.0,94.0],0],[[96.0,95.0],0],[[96.0,97.0],0],[[96.0,98.0],0],[[96.0,99.0],0],[[97.0,91.0],0],[[97.0,93.0],0],[[97.0,94.0],0],[[97.0,95.0],0],[[97.0,100.0],0],[[98.0,90.0],0],[[98.0,93.0],0],[[98.0,94.0],0],[[98.0,96.0],0],[[98.0,97.0],0],[[98.0,99.0],0],[[99.0,91.0],0],[[99.0,93.0],0],[[99.0,94.0],0],[[99.0,95.0],0],[[99.0,96.0],0],[[99.0,97.0],0],[[99.0,98.0],0],[[99.0,99.0],0],[[100.0,90.0],0],[[100.0,91.0],0],[[100.0,92.0],0],[[100.0,95.0],0],[[100.0,97.0],0],[[100.0,99.0],0],[[100.0,100.0],0]],"centroids":[[95.07042253521126,95.36619718309859],[2.3548387096774195,2.3548387096774195],[-7.382352941176471,-7.588235294117647]],"data":[[1.0,0.0],[2.0,3.0],[2.0,0.0],[2.0,5.0],[0.0,0.0],[1.0,1.0],[4.0,1.0],[4.0,1.0],[0.0,2.0],[2.0,1.0],[5.0,2.0],[5.0,2.0],[4.0,5.0],[5.0,3.0],[5.0,3.0],[2.0,5.0],[5.0,0.0],[1.0,2.0],[4.0,3.0],[1.0,4.0],[3.0,2.0],[5.0,0.0],[2.0,3.0],[5.0,2.0],[3.0,0.0],[1.0,4.0],[3.0,2.0],[5.0,4.0],[3.0,0.0],[1.0,0.0],[0.0,5.0],[0.0,3.0],[1.0,5.0],[0.0,2.0],[5.0,1.0],[1.0,4.0],[5.0,2.0],[2.0,5.0],[2.0,0.0],[1.0,1.0],[4.0,4.0],[1.0,1.0],[0.0,1.0],[2.0,1.0],[3.0,0.0],[1.0,5.0],[5.0,0.0],[3.0,2.0],[0.0,0.0],[0.0,4.0],[5.0,0.0],[2.0,0.0],[1.0,0.0],[2.0,1.0],[2.0,0.0],[4.0,3.0],[3.0,4.0],[2.0,1.0],[2.0,5.0],[3.0,2.0],[5.0,1.0],[4.0,5.0],[0.0,4.0],[4.0,0.0],[4.0,1.0],[3.0,1.0],[2.0,3.0],[2.0,4.0],[0.0,2.0],[4.0,4.0],[3.0,2.0],[3.0,4.0],[0.0,2.0],[0.0,5.0],[5.0,0.0],[4.0,0.0],[4.0,1.0],[4.0,0.0],[5.0,2.0],[0.0,5.0],[0.0,5.0],[2.0,4.0],[3.0,4.0],[5.0,0.0],[2.0,5.0],[4.0,5.0],[3.0,4.0],[1.0,0.0],[0.0,1.0],[2.0,4.0],[2.0,5.0],[2.0,3.0],[4.0,3.0],[5.0,3.0],[0.0,0.0],[1.0,3.0],[0.0,3.0],[3.0,0.0],[1.0,1.0],[4.0,3.0],[93.0,99.0],[92.0,93.0],[95.0,99.0],[97.0,95.0],[94.0,95.0],[95.0,94.0],[99.0,93.0],[94.0,96.0],[100.0,91.0],[96.0,98.0],[92.0,92.0],[92.0,100.0],[94.0,97.0],[90.0,98.0],[91.0,90.0],[90.0,91.0],[97.0,91.0],[95.0,99.0],[90.0,90.0],[100.0,95.0],[99.0,97.0],[99.0,98.0],[100.0,90.0],[96.0,97.0],[98.0,99.0],[100.0,97.0],[96.0,97.0],[96.0,94.0],[94.0,92.0],[92.0,90.0],[98.0,93.0],[96.0,95.0],[93.0,91.0],[99.0,96.0],[92.0,90.0],[94.0,100.0],[91.0,95.0],[97.0,91.0],[91.0,98.0],[97.0,91.0],[96.0,94.0],[95.0,90.0],[98.0,96.0],[93.0,99.0],[96.0,99.0],[95.0,96.0],[93.0,97.0],[90.0,90.0],[93.0,100.0],[100.0,90.0],[96.0,99.0],[91.0,98.0],[99.0,98.0],[96.0,98.0],[96.0,93.0],[90.0,99.0],[92.0,95.0],[97.0,93.0],[92.0,99.0],[98.0,97.0],[98.0,94.0],[99.0,91.0],[98.0,97.0],[97.0,100.0],[99.0,94.0],[96.0,97.0],[99.0,97.0],[99.0,95.0],[95.0,100.0],[93.0,98.0],[96.0,92.0],[91.0,93.0],[94.0,93.0],[94.0,92.0],[100.0,91.0],[99.0,95.0],[93.0,96.0],[94.0,93.0],[95.0,97.0],[100.0,100.0],[93.0,97.0],[91.0,95.0],[91.0,99.0],[90.0,95.0],[98.0,90.0],[100.0,92.0],[90.0,93.0],[100.0,99.0],[95.0,94.0],[97.0,94.0],[96.0,92.0],[93.0,94.0],[99.0,99.0],[95.0,96.0],[91.0,100.0],[93.0,96.0],[90.0,100.0],[93.0,99.0],[93.0,100.0],[93.0,94.0],[-5.0,-9.0],[-6.0,-10.0],[-10.0,-10.0],[-10.0,-5.0],[-6.0,-9.0],[-7.0,-6.0],[-5.0,-7.0],[-7.0,-7.0],[-8.0,-10.0],[-7.0,-10.0],[-8.0,-7.0],[-10.0,-5.0],[-9.0,-5.0],[-5.0,-10.0],[-9.0,-5.0],[-9.0,-7.0],[-7.0,-7.0],[-7.0,-6.0],[-7.0,-6.0],[-7.0,-5.0],[-7.0,-6.0],[-6.0,-8.0],[-10.0,-10.0],[-10.0,-5.0],[-7.0,-5.0],[-9.0,-8.0],[-7.0,-9.0],[-10.0,-10.0],[-5.0,-7.0],[-9.0,-5.0],[-8.0,-9.0],[-10.0,-10.0],[-5.0,-8.0],[-7.0,-10.0],[-8.0,-5.0],[-7.0,-9.0],[-5.0,-8.0],[-5.0,-6.0],[-6.0,-6.0],[-6.0,-8.0],[-7.0,-8.0],[-6.0,-10.0],[-9.0,-10.0],[-10.0,-7.0],[-5.0,-10.0],[-8.0,-9.0],[-8.0,-6.0],[-8.0,-7.0],[-6.0,-5.0],[-5.0,-5.0],[-6.0,-8.0],[-7.0,-8.0],[-6.0,-5.0],[-5.0,-7.0],[-8.0,-8.0],[-6.0,-7.0],[-5.0,-7.0],[-8.0,-10.0],[-5.0,-5.0],[-5.0,-10.0],[-10.0,-7.0],[-7.0,-6.0],[-8.0,-6.0],[-5.0,-5.0],[-10.0,-10.0],[-6.0,-5.0],[-6.0,-8.0],[-5.0,-10.0],[-10.0,-10.0],[-7.0,-7.0],[-10.0,-9.0],[-6.0,-7.0],[-5.0,-10.0],[-6.0,-9.0],[-7.0,-9.0],[-10.0,-9.0],[-10.0,-10.0],[-10.0,-9.0],[-9.0,-10.0],[-8.0,-7.0],[-6.0,-5.0],[-6.0,-8.0],[-9.0,-5.0],[-6.0,-8.0],[-9.0,-10.0],[-10.0,-10.0],[-6.0,-6.0],[-10.0,-9.0],[-5.0,-6.0],[-5.0,-9.0],[-8.0,-7.0],[-7.0,-6.0],[-7.0,-6.0],[-9.0,-9.0],[-5.0,-6.0],[-8.0,-9.0],[-9.0,-9.0],[-10.0,-8.0],[-9.0,-7.0],[-8.0,-8.0]]}