{"assignments":[[[0.0,0.0],0],[[0.0,1.0],0],[[0.0,2.0],0],[[0.0,3.0],0],[[0.0,4.0],0],[[1.0,0.0],0],[[1.0,1.0],0],[[1.0,2.0],0],[[1.0,3.0],0],[[1.0,4.0],0],[[2.0,0.0],0],[[2.0,1.0],0],[[2.0,2.0],0],[[2.0,3.0],0],[[3.0,0.0],0],[[3.0,1.0],0],[[3.0,2.0],0],[[3.0,3.0],0],[[4.0,0.0],0],[[4.0,1.0],0],[[4.0,2.0],0],[[4.0,3.0],0],[[4.0,4.0],0],[[40.0,47.0],1],[[40.0,54.0],1],[[40.0,79.0],1],[[41.0,67.0],1],[[41.0,80.0],1],[[42.0,49.0],1],[[42.0,77.0],1],[[43.0,41.0],1],[[43.0,44.0],1],[[43.0,62.0],1],[[43.0,66.0],1],[[45.0,41.0],1],[[45.0,58.0],1],[[45.0,61.0],1],[[47.0,50.0],1],[[47.0,70.0],1],[[47.0,83.0],1],[[48.0,48.0],1],[[48.0,52.0],1],[[48.0,76.0],1],[[48.0,80.0],1],[[49.0,69.0],1],[[51.0,47.0],1],[[51.0,51.0],1],[[51.0,82.0],1],[[52.0,50.0],1],[[52.0,82.0],1],[[52.0,86.0],1],[[53.0,57.0],1],[[53.0,61.0],1],[[53.0,85.0],1],[[54.0,66.0],1],[[55.0,81.0],1],[[56.0,84.0],1],[[57.0,76.0],1],[[58.0,72.0],1],[[58.0,81.0],1],[[59.0,44.0],1],[[59.0,62.0],1],[[60.0,55.0],1],[[60.0,61.0],1],[[60.0,80.0],1],[[61.0,42.0],1],[[61.0,66.0],1],[[61.0,69.0],1],[[62.0,74.0],1],[[63.0,83.0],1],[[64.0,42.0],1],[[64.0,63.0],1],[[66.0,40.0],1],[[66.0,58.0],1],[[66.0,66.0],1],[[66.0,80.0],1],[[69.0,63.0],1],[[70.0,51.0],1],[[70.0,72.0],1],[[70.0,86.0],1],[[71.0,60.0],1],[[72.0,40.0],1],[[73.0,73.0],1],[[73.0,88.0],1],[[73.0,89.0],1],[[74.0,51.0],1],[[74.0,63.0],1],[[74.0,72.0],1],[[75.0,56.0],1],[[75.0,70.0],1],[[76.0,40.0],1],[[77.0,61.0],1],[[79.0,53.0],1],[[79.0,80.0],1],[[80.0,75.0],1],[[80.0,79.0],1],[[81.0,44.0],1],[[81.0,68.0],1],[[81.0,79.0],1],[[82.0,52.0],1],[[82.0,71.0],1],[[82.0,82.0],1],[[83.0,48.0],1],[[83.0,69.0],1],[[83.0,70.0],1],[[83.0,72.0],1],[[83.0,74.0],1],[[84.0,49.0],1],[[84.0,60.0],1],[[85.0,43.0],1],[[85.0,47.0],1],[[85.0,56.0],1],[[85.0,71.0],1],[[86.0,61.0],1],[[87.0,62.0],1],[[88.0,67.0],1],[[88.0,76.0],1],[[89.0,43.0],1],[[89.0,56.0],1],[[89.0,78.0],1]],"centroids":[[1.9565217391304348,1.826086956521739],[64.85567010309278,64.12371134020619]],"data":[[0.0,3.0],[0.0,2.0],[0.0,1.0],[4.0,4.0],[3.0,3.0],[0.0,3.0],[1.0,0.0],[1.0,2.0],[1.0,1.0],[3.0,1.0],[3.0,0.0],[1.0,4.0],[1.0,3.0],[4.0,2.0],[4.0,0.0],[4.0,0.0],[4.0,3.0],[4.0,3.0],[1.0,1.0],[4.0,0.0],[1.0,2.0],[2.0,2.0],[3.0,3.0],[1.0,2.0],[0.0,1.0],[1.0,2.0],[2.0,2.0],[0.0,0.0],[0.0,0.0],[3.0,0.0],[4.0,1.0],[0.0,2.0],[4.0,0.0],[1.0,4.0],[3.0,1.0],[0.0,1.0],[0.0,3.0],[2.0,3.0],[0.0,2.0],[4.0,1.0],[2.0,1.0],[3.0,3.0],[1.0,1.0],[3.0,0.0],[1.0,2.0],[2.0,2.0],[4.0,1.0],[4.0,4.0],[0.0,3.0],[4.0,4.0],[1.0,3.0],[4.0,2.0],[2.0,2.0],[0.0,3.0],[0.0,1.0],[3.0,2.0],[1.0,4.0],[3.0,1.0],[1.0,1.0],[1.0,1.0],[4.0,1.0],[4.0,4.0],[0.0,2.0],[4.0,3.0],[4.0,4.0],[4.0,4.0],[3.0,2.0],[2.0,0.0],[3.0,3.0],[1.0,2.0],[0.0,2.0],[0.0,2.0],[1.0,0.0],[0.0,4.0],[4.0,4.0],[1.0,4.0],[3.0,3.0],[0.0,4.0],[0.0,4.0],[1.0,0.0],[2.0,0.0],[0.0,3.0],[0.0,0.0],[0.0,3.0],[1.0,1.0],[3.0,0.0],[3.0,3.0],[4.0,3.0],[0.0,0.0],[4.0,3.0],[2.0,2.0],[1.0,1.0],[4.0,0.0],[1.0,3.0],[1.0,3.0],[0.0,0.0],[4.0,4.0],[4.0,3.0],[3.0,3.0],[0.0,0.0],[75.0,70.0],[82.0,82.0],[48.0,76.0],[51.0,47.0],[53.0,57.0],[75.0,56.0],[56.0,84.0],[51.0,51.0],[40.0,47.0],[70.0,72.0],[84.0,49.0],[45.0,61.0],[58.0,72.0],[89.0,78.0],[89.0,43.0],[69.0,63.0],[85.0,43.0],[47.0,83.0],[87.0,62.0],[83.0,48.0],[52.0,82.0],[85.0,47.0],[42.0,77.0],[55.0,81.0],[83.0,69.0],[52.0,86.0],[59.0,62.0],[64.0,63.0],[83.0,70.0],[85.0,56.0],[45.0,41.0],[74.0,63.0],[40.0,79.0],[45.0,58.0],[84.0,60.0],[43.0,66.0],[61.0,66.0],[85.0,71.0],[89.0,56.0],[77.0,61.0],[62.0,74.0],[79.0,80.0],[73.0,73.0],[80.0,79.0],[53.0,85.0],[47.0,50.0],[88.0,67.0],[48.0,52.0],[82.0,71.0],[70.0,86.0],[71.0,60.0],[70.0,51.0],[53.0,61.0],[83.0,72.0],[40.0,54.0],[74.0,72.0],[47.0,70.0],[82.0,52.0],[59.0,44.0],[47.0,70.0],[48.0,80.0],[61.0,69.0],[43.0,41.0],[81.0,79.0],[66.0,40.0],[83.0,74.0],[42.0,49.0],[43.0,62.0],[66.0,66.0],[52.0,50.0],[75.0,56.0],[61.0,42.0],[79.0,53.0],[73.0,89.0],[63.0,83.0],[54.0,66.0],[60.0,61.0],[58.0,81.0],[41.0,67.0],[73.0,88.0],[66.0,80.0],[41.0,80.0],[49.0,69.0],[86.0,61.0],[66.0,58.0],[57.0,76.0],[51.0,82.0],[60.0,55.0],[43.0,44.0],[72.0,40.0],[74.0,51.0],[83.0,69.0],[81.0,68.0],[60.0,80.0],[48.0,48.0],[81.0,44.0],[76.0,40.0],[64.0,42.0],[80.0,75.0],[88.0,76.0]]}