{"assignments":[[[0.0,0.0],0],[[0.0,1.0],0],[[0.0,2.0],0],[[0.0,3.0],0],[[0.0,4.0],0],[[1.0,0.0],0],[[1.0,1.0],0],[[1.0,2.0],0],[[1.0,3.0],0],[[1.0,4.0],0],[[2.0,0.0],0],[[2.0,1.0],0],[[2.0,2.0],0],[[2.0,3.0],0],[[2.0,4.0],0],[[3.0,0.0],0],[[3.0,1.0],0],[[3.0,2.0],0],[[3.0,3.0],0],[[3.0,4.0],0],[[4.0,0.0],0],[[4.0,1.0],0],[[4.0,2.0],0],[[4.0,3.0],0],[[4.0,4.0],0],[[40.0,73.0],1],[[41.0,41.0],1],[[41.0,54.0],1],[[41.0,56.0],1],[[41.0,66.0],1],[[42.0,73.0],1],[[43.0,56.0],1],[[43.0,60.0],1],[[43.0,69.0],1],[[44.0,75.0],1],[[44.0,77.0],1],[[45.0,42.0],1],[[46.0,62.0],1],[[46.0,85.0],1],[[47.0,58.0],1],[[48.0,40.0],1],[[49.0,50.0],1],[[49.0,55.0],1],[[49.0,69.0],1],[[49.0,85.0],1],[[50.0,44.0],1],[[50.0,61.0],1],[[50.0,75.0],1],[[51.0,60.0],1],[[51.0,66.0],1],[[51.0,72.0],1],[[52.0,42.0],1],[[52.0,47.0],1],[[52.0,76.0],1],[[55.0,57.0],1],[[55.0,72.0],1],[[56.0,47.0],1],[[56.0,48.0],1],[[56.0,51.0],1],[[56.0,69.0],1],[[57.0,58.0],1],[[58.0,45.0],1],[[58.0,47.0],1],[[58.0,61.0],1],[[58.0,79.0],1],[[58.0,81.0],1],[[58.0,85.0],1],[[59.0,76.0],1],[[61.0,43.0],1],[[61.0,56.0],1],[[62.0,42.0],1],[[62.0,58.0],1],[[62.0,79.0],1],[[62.0,85.0],1],[[62.0,86.0],1],[[63.0,79.0],1],[[63.0,80.0],1],[[63.0,81.0],1],[[64.0,41.0],1],[[64.0,43.0],1],[[64.0,77.0],1],[[65.0,66.0],1],[[66.0,66.0],1],[[66.0,72.0],1],[[67.0,70.0],1],[[67.0,79.0],1],[[68.0,63.0],1],[[68.0,65.0],1],[[69.0,66.0],1],[[69.0,74.0],1],[[69.0,82.0],1],[[70.0,75.0],1],[[70.0,88.0],1],[[71.0,82.0],1],[[72.0,64.0],1],[[73.0,41.0],1],[[73.0,61.0],1],[[73.0,84.0],1],[[74.0,54.0],1],[[74.0,56.0],1],[[74.0,68.0],1],[[74.0,69.0],1],[[75.0,66.0],1],[[78.0,54.0],1],[[78.0,89.0],1],[[79.0,57.0],1],[[79.0,61.0],1],[[80.0,45.0],1],[[80.0,55.0],1],[[80.0,67.0],1],[[80.0,69.0],1],[[80.0,86.0],1],[[81.0,71.0],1],[[82.0,51.0],1],[[82.0,83.0],1],[[83.0,63.0],1],[[83.0,81.0],1],[[84.0,48.0],1],[[85.0,45.0],1],[[85.0,64.0],1],[[86.0,79.0],1],[[88.0,43.0],1],[[89.0,51.0],1],[[89.0,78.0],1]],"centroids":[[2.0,2.0],[63.02020202020202,64.3030303030303]],"data":[[2.0,4.0],[0.0,2.0],[0.0,4.0],[1.0,3.0],[4.0,1.0],[3.0,4.0],[1.0,0.0],[3.0,2.0],[4.0,3.0],[4.0,2.0],[3.0,0.0],[3.0,4.0],[2.0,0.0],[0.0,3.0],[2.0,3.0],[1.0,0.0],[3.0,0.0],[2.0,4.0],[2.0,1.0],[0.0,3.0],[2.0,2.0],[2.0,1.0],[2.0,3.0],[0.0,1.0],[3.0,3.0],[2.0,4.0],[4.0,1.0],[2.0,2.0],[2.0,3.0],[2.0,0.0],[0.0,4.0],[2.0,4.0],[4.0,4.0],[2.0,1.0],[4.0,0.0],[3.0,2.0],[4.0,3.0],[4.0,0.0],[2.0,1.0],[2.0,4.0],[0.0,2.0],[2.0,2.0],[2.0,0.0],[1.0,4.0],[3.0,4.0],[1.0,3.0],[4.0,1.0],[3.0,4.0],[2.0,1.0],[1.0,1.0],[2.0,2.0],[3.0,3.0],[1.0,3.0],[0.0,0.0],[1.0,4.0],[1.0,4.0],[1.0,2.0],[2.0,2.0],[0.0,1.0],[1.0,2.0],[0.0,1.0],[3.0,4.0],[0.0,2.0],[3.0,3.0],[4.0,4.0],[3.0,0.0],[2.0,1.0],[1.0,0.0],[0.0,4.0],[3.0,3.0],[1.0,4.0],[1.0,2.0],[1.0,1.0],[3.0,4.0],[3.0,2.0],[4.0,4.0],[4.0,1.0],[4.0,4.0],[1.0,1.0],[0.0,3.0],[0.0,2.0],[0.0,4.0],[3.0,3.0],[3.0,0.0],[3.0,1.0],[4.0,3.0],[0.0,4.0],[3.0,0.0],[2.0,3.0],[3.0,2.0],[2.0,1.0],[3.0,1.0],[0.0,2.0],[4.0,0.0],[1.0,1.0],[1.0,0.0],[4.0,1.0],[1.0,3.0],[0.0,3.0],[4.0,0.0],[69.0,74.0],[58.0,81.0],[81.0,71.0],[74.0,54.0],[56.0,69.0],[58.0,79.0],[80.0,67.0],[80.0,55.0],[79.0,61.0],[78.0,89.0],[85.0,64.0],[67.0,79.0],[49.0,85.0],[67.0,70.0],[62.0,79.0],[44.0,75.0],[56.0,47.0],[52.0,47.0],[43.0,69.0],[84.0,48.0],[62.0,86.0],[78.0,54.0],[45.0,42.0],[58.0,61.0],[62.0,85.0],[80.0,45.0],[56.0,51.0],[73.0,61.0],[64.0,77.0],[51.0,72.0],[50.0,75.0],[51.0,66.0],[83.0,81.0],[61.0,43.0],[48.0,40.0],[66.0,72.0],[59.0,76.0],[69.0,66.0],[43.0,60.0],[69.0,82.0],[56.0,48.0],[52.0,42.0],[51.0,60.0],[62.0,42.0],[55.0,72.0],[58.0,47.0],[68.0,63.0],[73.0,41.0],[78.0,89.0],[44.0,77.0],[70.0,75.0],[46.0,62.0],[66.0,66.0],[49.0,55.0],[74.0,69.0],[68.0,65.0],[40.0,73.0],[61.0,56.0],[55.0,57.0],[50.0,61.0],[63.0,79.0],[85.0,45.0],[79.0,57.0],[70.0,88.0],[65.0,66.0],[80.0,86.0],[82.0,51.0],[63.0,81.0],[58.0,85.0],[82.0,83.0],[80.0,69.0],[63.0,80.0],[41.0,54.0],[49.0,50.0],[72.0,64.0],[64.0,41.0],[42.0,73.0],[89.0,51.0],[83.0,63.0],[75.0,66.0],[62.0,58.0],[52.0,76.0],[49.0,69.0],[46.0,85.0],[43.0,56.0],[47.0,58.0],[71.0,82.0],[74.0,68.0],[89.0,78.0],[57.0,58.0],[41.0,56.0],[73.0,84.0],[58.0,45.0],[86.0,79.0],[50.0,44.0],[88.0,43.0],[41.0,66.0],[64.0,43.0],[74.0,56.0],[41.0,41.0]]}