{"assignments":[[[-10.0,-10.0],0],[[-10.0,-9.0],0],[[-10.0,-8.0],0],[[-10.0,-7.0],0],[[-10.0,-6.0],0],[[-10.0,-5.0],0],[[-9.0,-10.0],0],[[-9.0,-9.0],0],[[-9.0,-8.0],0],[[-9.0,-7.0],0],[[-9.0,-6.0],0],[[-8.0,-10.0],0],[[-8.0,-9.0],0],[[-8.0,-8.0],0],[[-8.0,-6.0],0],[[-8.0,-5.0],0],[[-7.0,-10.0],0],[[-7.0,-9.0],0],[[-7.0,-8.0],0],[[-7.0,-7.0],0],[[-7.0,-6.0],0],[[-7.0,-5.0],0],[[-6.0,-9.0],0],[[-6.0,-8.0],0],[[-6.0,-7.0],0],[[-6.0,-5.0],0],[[-5.0,-10.0],0],[[-5.0,-9.0],0],[[-5.0,-8.0],0],[[-5.0,-7.0],0],[[-5.0,-6.0],0],[[-5.0,-5.0],0],[[0.0,0.0],1],[[0.0,2.0],1],[[0.0,3.0],1],[[0.0,4.0],1],[[0.0,5.0],1],[[1.0,0.0],1],[[1.0,1.0],1],[[1.0,2.0],1],[[1.0,3.0],1],[[1.0,4.0],1],[[1.0,5.0],1],[[2.0,0.0],1],[[2.0,1.0],1],[[2.0,2.0],1],[[2.0,3.0],1],[[2.0,4.0],1],[[2.0,5.0],1],[[3.0,0.0],1],[[3.0,1.0],1],[[3.0,2.0],1],[[3.0,3.0],1],[[3.0,4.0],1],[[3.0,5.0],1],[[4.0,0.0],1],[[4.0,1.0],1],[[4.0,2.0],1],[[4.0,3.0],1],[[4.0,5.0],1],[[5.0,0.0],1],[[5.0,1.0],1],[[5.0,3.0],1],[[5.0,4.0],1],[[5.0,5.0],1],[[90.0,91.0],2],[[90.0,93.0],2],[[90.0,94.0],2],[[90.0,95.0],2],[[90.0,97.0],2],[[90.0,98.0],2],[[90.0,100.0],2],[[91.0,90.0],2],[[91.0,91.0],2],[[91.0,92.0],2],[[91.0,93.0],2],[[91.0,96.0],2],[[91.0,98.0],2],[[91.0,99.0],2],[[91.0,100.0],2],[[92.0,91.0],2],[[92.0,92.0],2],[[92.0,93.0],2],[[92.0,94.0],2],[[92.0,95.0],2],[[92.0,97.0],2],[[93.0,90.0],2],[[93.0,91.0],2],[[93.0,92.0],2],[[93.0,95.0],2],[[93.0,98.0],2],[[93.0,100.0],2],[[94.0,90.0],2],[[94.0,93.0],2],[[94.0,94.0],2],[[94.0,97.0],2],[[94.0,98.0],2],[[94.0,99.0],2],[[94.0,100.0],2],[[95.0,90.0],2],[[95.0,91.0],2],[[95.0,93.0],2],[[95.0,95.0],2],[[95.0,96.0],2],[[95.0,99.0],2],[[96.0,91.0],2],[[96.0,92.0],2],[[96.0,93.0],2],[[96.0,94.0],2],[[96.0,99.0],2],[[96.0,100.0],2],[[97.0,90.0],2],[[97.0,92.0],2],[[97.0,93.0],2],[[97.0,95.0],2],[[97.0,96.0],2],[[97.0,97.0],2],[[97.0,98.0],2],[[97.0,99.0],2],[[97.0,100.0],2],[[98.0,91.0],2],[[98.0,92.0],2],[[98.0,94.0],2],[[98.0,99.0],2],[[98.0,100.0],2],[[99.0,90.0],2],[[99.0,91.0],2],[[99.0,92.0],2],[[99.0,93.0],2],[[99.0,94.0],2],[[99.0,95.0],2],[[99.0,96.0],2],[[99.0,99.0],2],[[100.0,94.0],2],[[100.0,100.0],2]],"centroids":[[-7.53125,-7.5625],[2.4545454545454546,2.515151515151515],[94.67142857142858,94.84285714285714]],"data":[[2.0,0.0],[1.0,4.0],[3.0,4.0],[0.0,4.0],[5.0,1.0],[5.0,5.0],[2.0,1.0],[1.0,0.0],[2.0,0.0],[2.0,2.0],[5.0,1.0],[0.0,3.0],[5.0,4.0],[0.0,2.0],[3.0,5.0],[2.0,5.0],[5.0,0.0],[2.0,0.0],[4.0,5.0],[4.0,5.0],[2.0,0.0],[5.0,3.0],[5.0,1.0],[4.0,3.0],[2.0,1.0],[2.0,5.0],[1.0,2.0],[0.0,4.0],[5.0,0.0],[1.0,1.0],[2.0,4.0],[1.0,2.0],[3.0,5.0],[0.0,3.0],[2.0,4.0],[1.0,1.0],[4.0,5.0],[5.0,5.0],[4.0,0.0],[2.0,1.0],[5.0,4.0],[0.0,2.0],[3.0,1.0],[3.0,3.0],[3.0,5.0],[4.0,2.0],[1.0,2.0],[3.0,0.0],[4.0,5.0],[0.0,0.0],[1.0,0.0],[0.0,3.0],[1.0,0.0],[4.0,0.0],[0.0,5.0],[2.0,2.0],[3.0,4.0],[0.0,0.0],[2.0,2.0],[5.0,4.0],[2.0,3.0],[1.0,5.0],[2.0,1.0],[0.0,5.0],[4.0,1.0],[4.0,5.0],[1.0,4.0],[0.0,0.0],[0.0,2.0],[1.0,3.0],[4.0,2.0],[4.0,3.0],[3.0,5.0],[0.0,3.0],[5.0,4.0],[0.0,5.0],[0.0,0.0],[1.0,4.0],[5.0,0.0],[0.0,4.0],[3.0,4.0],[1.0,2.0],[1.0,4.0],[0.0,0.0],[4.0,0.0],[0.0,2.0],[3.0,2.0],[1.0,3.0],[4.0,3.0],[3.0,5.0],[0.0,2.0],[2.0,2.0],[0.0,2.0],[3.0,5.0],[2.0,4.0],[4.0,0.0],[4.0,1.0],[1.0,0.0],[2.0,5.0],[1.0,5.0],[90.0,94.0],[94.0,97.0],[96.0,99.0],[99.0,92.0],[94.0,98.0],[94.0,97.0],[90.0,91.0],[93.0,95.0],[93.0,92.0],[94.0,93.0],[97.0,93.0],[95.0,99.0],[94.0,90.0],[93.0,92.0],[96.0,93.0],[92.0,93.0],[97.0,96.0],[94.0,100.0],[93.0,90.0],[90.0,94.0],[95.0,91.0],[90.0,100.0],[95.0,90.0],[96.0,93.0],[98.0,92.0],[92.0,97.0],[99.0,94.0],[100.0,94.0],[95.0,95.0],[99.0,90.0],[99.0,95.0],[92.0,95.0],[91.0,99.0],[98.0,91.0],[97.0,92.0],[91.0,99.0],[98.0,100.0],[97.0,100.0],[92.0,93.0],[100.0,100.0],[96.0,93.0],[96.0,99.0],[96.0,91.0],[98.0,91.0],[100.0,100.0],[99.0,99.0],[97.0,95.0],[97.0,99.0],[90.0,98.0],[94.0,99.0],[95.0,96.0],[91.0,96.0],[94.0,90.0],[98.0,92.0],[93.0,100.0],[95.0,90.0],[98.0,99.0],[91.0,91.0],[99.0,93.0],[98.0,91.0],[90.0,98.0],[90.0,95.0],[94.0,93.0],[91.0,92.0],[93.0,100.0],[97.0,90.0],[91.0,98.0],[93.0,92.0],[99.0,99.0],[92.0,91.0],[90.0,93.0],[97.0,97.0],[99.0,99.0],[96.0,94.0],[99.0,91.0],[92.0,94.0],[91.0,93.0],[91.0,100.0],[93.0,98.0],[97.0,96.0],[94.0,93.0],[95.0,96.0],[96.0,99.0],[98.0,94.0],[97.0,93.0],[91.0,92.0],[96.0,100.0],[98.0,91.0],[100.0,94.0],[99.0,96.0],[97.0,97.0],[97.0,98.0],[91.0,90.0],[90.0,97.0],[98.0,100.0],[94.0,94.0],[95.0,93.0],[92.0,92.0],[96.0,92.0],[93.0,91.0],[-9.0,-10.0],[-10.0,-9.0],[-7.0,-9.0],[-8.0,-10.0],[-6.0,-9.0],[-6.0,-9.0],[-6.0,-5.0],[-10.0,-7.0],[-8.0,-6.0],[-7.0,-7.0],[-7.0,-9.0],[-6.0,-5.0],[-9.0,-9.0],[-9.0,-8.0],[-5.0,-6.0],[-9.0,-10.0],[-7.0,-7.0],[-6.0,-5.0],[-9.0,-8.0],[-10.0,-8.0],[-8.0,-5.0],[-5.0,-7.0],[-9.0,-7.0],[-9.0,-9.0],[-7.0,-7.0],[-9.0,-9.0],[-6.0,-9.0],[-9.0,-7.0],[-8.0,-5.0],[-9.0,-8.0],[-10.0,-5.0],[-10.0,-5.0],[-9.0,-6.0],[-5.0,-10.0],[-5.0,-8.0],[-8.0,-5.0],[-8.0,-9.0],[-7.0,-8.0],[-7.0,-5.0],[-6.0,-9.0],[-7.0,-10.0],[-7.0,-8.0],[-9.0,-10.0],[-7.0,-7.0],[-5.0,-5.0],[-10.0,-9.0],[-10.0,-9.0],[-9.0,-7.0],[-10.0,-9.0],[-10.0,-8.0],[-5.0,-9.0],[-5.0,-7.0],[-8.0,-6.0],[-9.0,-7.0],[-5.0,-9.0],[-8.0,-8.0],[-5.0,-8.0],[-10.0,-8.0],[-9.0,-8.0],[-5.0,-5.0],[-10.0,-6.0],[-5.0,-6.0],[-7.0,-6.0],[-9.0,-7.0],[-7.0,-7.0],[-8.0,-8.0],[-9.0,-9.0],[-9.0,-10.0],[-5.0,-6.0],[-5.0,-10.0],[-6.0,-7.0],[-6.0,-7.0],[-9.0,-9.0],[-9.0,-6.0],[-10.0,-8.0],[-5.0,-9.0],[-9.0,-10.0],[-10.0,-7.0],[-7.0,-9.0],[-7.0,-8.0],[-10.0,-6.0],[-6.0,-5.0],[-10.0,-8.0],[-7.0,-10.0],[-10.0,-9.0],[-7.0,-5.0],[-6.0,-8.0],[-7.0,-7.0],[-5.0,-10.0],[-9.0,-9.0],[-10.0,-10.0],[-10.0,-8.0],[-5.0,-9.0],[-10.0,-9.0],[-8.0,-5.0],[-9.0,-8.0],[-10.0,-6.0],[-5.0,-7.0],[-9.0,-7.0],[-7.0,-8.0]]}