{
    "execution_time": [
        0.002,
        0.002,
        0.002,
        0.003,
        0.004,
        0.006,
        0.026,
        0.5950000000000001,
        5.0809999999999995
    ],
    "input_size": [
        4,
        5,
        10,
        15,
        50,
        100,
        500,
        10000,
        99999
    ]
}