{
    "execution_time": [
        0.002,
        0.001,
        0.001,
        0.001,
        0.003,
        0.006,
        0.027,
        0.5680000000000001,
        4.832999999999999
    ],
    "input_size": [
        4,
        5,
        10,
        15,
        50,
        100,
        500,
        10000,
        99999
    ]
}